{"GBS_POSITION": [[22.869290196363938, 23.063429561959467, 32.0], [21.840750602413436, 44.73521512168604, 32.0], [28.383977421274047, 65.82248319634752, 32.0], [57.92141010168214, 32.36124079698892, 32.0], [42.33346585410025, 51.0549421520246, 32.0], [48.808701624304156, 69.69730052873811, 32.0], [74.07459210832452, 33.99841068756452, 32.0], [69.36630896115483, 42.175359665149635, 32.0], [80.05611432566222, 81.53318508517245, 32.0], [30.727079162049964, 46.965164619150855, 32.0], [93.567100303272, 36.31491747937433, 32.0], [68.47627922092845, 24.527341411284766, 32.0]], "START_POSITION": [12.90271198535424, 52.209767689937394], "END_POSITION": [75.3856651441035, 47.875128245524905]}